Sr. No.,ID,Design Type,No. of Looks,Test Type,Specified α,Attained α,Power,nt/nc,Spacing of Looks,Efficacy Boundary,Futility Boundary,Sample Size,Expected SS (H0),Expected SS (H1),πc,Prop. Treatment (Alt.),Variance
1,Des1,Superiority,4,1-Sided,0.005,0.00319586163027104,0.510291361080571,1,Equal,LD (OF),LD (OF) (NB),1525,522.969882081736,1042.80875337188,0.1,0.15,Pooled Estimate
2,Des2,Superiority,4,1-Sided,0.005,0.00319748859186182,0.510201134219513,1,Equal,LD (OF),LD (OF) (NB),3059,1049.36236142124,2091.19475038501,0.3,0.35,Pooled Estimate
3,Des3,Superiority,4,1-Sided,0.005,0.00319710593712895,0.510080272130039,1,Equal,LD (OF),LD (OF) (NB),3477,1192.58882757023,2376.63216667037,0.5,0.55,Pooled Estimate
4,Des4,Superiority,4,1-Sided,0.005,0.00319639858170193,0.51020001818345,1,Equal,LD (OF),LD (OF) (NB),2013,690.374578459652,1376.26422423373,0.8,0.85,Pooled Estimate
5,Des5,Superiority,4,1-Sided,0.005,0.00319440142443775,0.51033165606297,1,Equal,LD (OF),LD (OF) (NB),967,331.568926628723,661.423120003296,0.9,0.95,Pooled Estimate
6,Des6,Superiority,4,1-Sided,0.025,0.0170981114076902,0.510262484347182,1,Equal,LD (OF),LD (OF) (NB),951,374.726675287072,625.857601402394,0.1,0.15,Pooled Estimate
7,Des7,Superiority,4,1-Sided,0.025,0.0171077419644093,0.510312611024639,1,Equal,LD (OF),LD (OF) (NB),1908,752.045191770136,1255.5328751013,0.3,0.35,Pooled Estimate
8,Des8,Superiority,4,1-Sided,0.025,0.0171038705568134,0.510026479162334,1,Equal,LD (OF),LD (OF) (NB),2168,854.326490360383,1426.23547651814,0.5,0.55,Pooled Estimate
9,Des9,Superiority,4,1-Sided,0.025,0.0170985596810876,0.510035794990424,1,Equal,LD (OF),LD (OF) (NB),1255,494.484888087518,825.68642351208,0.8,0.85,Pooled Estimate
10,Des10,Superiority,4,1-Sided,0.025,0.0170864779583614,0.510197943384849,1,Equal,LD (OF),LD (OF) (NB),603,237.491993994279,396.902347654663,0.9,0.95,Pooled Estimate
11,Des11,Superiority,4,1-Sided,0.05,0.0355497272420562,0.51012304136516,1,Equal,LD (OF),LD (OF) (NB),707,301.236170656235,453.851440630787,0.1,0.15,Pooled Estimate
12,Des12,Superiority,4,1-Sided,0.05,0.0355600952517537,0.509978696046885,1,Equal,LD (OF),LD (OF) (NB),1418,604.276439746751,910.039172714878,0.3,0.35,Pooled Estimate
13,Des13,Superiority,4,1-Sided,0.05,0.0355672723596458,0.510042553926282,1,Equal,LD (OF),LD (OF) (NB),1612,687.032129893374,1034.5908550803,0.5,0.55,Pooled Estimate
14,Des14,Superiority,4,1-Sided,0.05,0.0355640977029042,0.510447893703512,1,Equal,LD (OF),LD (OF) (NB),934,398.108974912184,599.71935326163,0.8,0.85,Pooled Estimate
15,Des15,Superiority,4,1-Sided,0.05,0.0355467858920614,0.510824858375507,1,Equal,LD (OF),LD (OF) (NB),449,191.372394315804,288.504630673778,0.9,0.95,Pooled Estimate
16,Des16,Superiority,4,1-Sided,0.1,0.0746078631876796,0.51030592865199,1,Equal,LD (OF),LD (OF) (NB),468,217.754422047852,290.373919727647,0.1,0.15,Pooled Estimate
17,Des17,Superiority,4,1-Sided,0.1,0.074661563320979,0.510452371557796,1,Equal,LD (OF),LD (OF) (NB),939,437.230799272296,582.4819793551,0.3,0.35,Pooled Estimate
18,Des18,Superiority,4,1-Sided,0.1,0.0746557862753879,0.510288294774755,1,Equal,LD (OF),LD (OF) (NB),1067,496.778683872511,661.783309162126,0.5,0.55,Pooled Estimate
19,Des19,Superiority,4,1-Sided,0.1,0.0746231749331679,0.510390382388874,1,Equal,LD (OF),LD (OF) (NB),618,287.631984458956,383.397467658717,0.8,0.85,Pooled Estimate
20,Des20,Superiority,4,1-Sided,0.1,0.0745731433559956,0.510502327730969,1,Equal,LD (OF),LD (OF) (NB),297,138.203466779573,184.37824282344,0.9,0.95,Pooled Estimate
21,Des21,Superiority,4,1-Sided,0.245,0.198680345679058,0.510756782718806,1,Equal,LD (OF),LD (OF) (NB),177,91.5050527152637,101.89545581036,0.1,0.15,Pooled Estimate
22,Des22,Superiority,4,1-Sided,0.245,0.19865099866379,0.51006083256307,1,Equal,LD (OF),LD (OF) (NB),354,182.809699750866,203.415204243715,0.3,0.35,Pooled Estimate
23,Des23,Superiority,4,1-Sided,0.245,0.198760808796561,0.510522391594143,1,Equal,LD (OF),LD (OF) (NB),403,208.251655322068,231.670566383519,0.5,0.55,Pooled Estimate
24,Des24,Superiority,4,1-Sided,0.245,0.198647466377712,0.510146296302562,1,Equal,LD (OF),LD (OF) (NB),233,120.398973663075,134.029956477832,0.8,0.85,Pooled Estimate
25,Des25,Superiority,4,1-Sided,0.245,0.198758782186275,0.512209937950417,1,Equal,LD (OF),LD (OF) (NB),113,58.4850116994661,65.1721180573866,0.9,0.95,Pooled Estimate
26,Des26,Superiority,4,1-Sided,0.005,0.00414389987867309,0.800180178293542,1,Equal,LD (OF),LD (OF) (NB),2258,1052.18489427641,1778.96285068434,0.1,0.15,Pooled Estimate
27,Des27,Superiority,4,1-Sided,0.005,0.00414567357813412,0.800046590036232,1,Equal,LD (OF),LD (OF) (NB),4531,2112.90232774542,3568.63667277408,0.3,0.35,Pooled Estimate
28,Des28,Superiority,4,1-Sided,0.005,0.00414584364104475,0.800036831813447,1,Equal,LD (OF),LD (OF) (NB),5151,2402.1859338631,4056.81996307385,0.5,0.55,Pooled Estimate
29,Des29,Superiority,4,1-Sided,0.005,0.0041446155751235,0.800070422233566,1,Equal,LD (OF),LD (OF) (NB),2981,1389.9263987452,2348.16802582756,0.8,0.85,Pooled Estimate
30,Des30,Superiority,4,1-Sided,0.005,0.00414261178039865,0.80022419637567,1,Equal,LD (OF),LD (OF) (NB),1431,666.485164451467,1127.72214320436,0.9,0.95,Pooled Estimate
31,Des31,Superiority,4,1-Sided,0.025,0.0213998507925148,0.800237054041051,1,Equal,LD (OF),LD (OF) (NB),1557,825.952390816119,1164.63628308024,0.1,0.15,Pooled Estimate
32,Des32,Superiority,4,1-Sided,0.025,0.0214064930902815,0.800024239954183,1,Equal,LD (OF),LD (OF) (NB),3124,1657.46538158685,2336.19132242939,0.3,0.35,Pooled Estimate
33,Des33,Superiority,4,1-Sided,0.025,0.0214082768611036,0.800083312176185,1,Equal,LD (OF),LD (OF) (NB),3552,1884.80231544063,2656.15998930122,0.5,0.55,Pooled Estimate
34,Des34,Superiority,4,1-Sided,0.025,0.0214025359429886,0.800011837561459,1,Equal,LD (OF),LD (OF) (NB),2055,1089.91203698977,1536.90523262968,0.8,0.85,Pooled Estimate
35,Des35,Superiority,4,1-Sided,0.025,0.0213952424188798,0.800454380959756,1,Equal,LD (OF),LD (OF) (NB),987,523.179837629941,738.481864832329,0.9,0.95,Pooled Estimate
36,Des36,Superiority,4,1-Sided,0.05,0.0435907691593267,0.800310478772494,1,Equal,LD (OF),LD (OF) (NB),1249,707.920369798783,903.881684656258,0.1,0.15,Pooled Estimate
37,Des37,Superiority,4,1-Sided,0.05,0.0436017237047879,0.80008141906547,1,Equal,LD (OF),LD (OF) (NB),2506,1420.44836631904,1813.07122902152,0.3,0.35,Pooled Estimate
38,Des38,Superiority,4,1-Sided,0.05,0.0436048449260864,0.80008948379501,1,Equal,LD (OF),LD (OF) (NB),2849,1615.30964959937,2061.12674486755,0.5,0.55,Pooled Estimate
39,Des39,Superiority,4,1-Sided,0.05,0.0435968501297972,0.800214879385863,1,Equal,LD (OF),LD (OF) (NB),1649,934.767615170088,1193.19290224323,0.8,0.85,Pooled Estimate
40,Des40,Superiority,4,1-Sided,0.05,0.0435718294948862,0.80012296453142,1,Equal,LD (OF),LD (OF) (NB),791,447.807180182333,572.57718172451,0.9,0.95,Pooled Estimate
41,Des41,Superiority,4,1-Sided,0.1,0.0891276028448191,0.800157764500416,1,Equal,LD (OF),LD (OF) (NB),935,567.385014276049,646.253007134383,0.1,0.15,Pooled Estimate
42,Des42,Superiority,4,1-Sided,0.1,0.0891516952620543,0.800113389792445,1,Equal,LD (OF),LD (OF) (NB),1877,1139.82823149917,1297.09579632388,0.3,0.35,Pooled Estimate
43,Des43,Superiority,4,1-Sided,0.1,0.0891543424359081,0.800120966234857,1,Equal,LD (OF),LD (OF) (NB),2134,1295.75744879396,1474.58396289657,0.5,0.55,Pooled Estimate
44,Des44,Superiority,4,1-Sided,0.1,0.0891446848055724,0.800225335803976,1,Equal,LD (OF),LD (OF) (NB),1235,749.700531295947,853.49197256152,0.8,0.85,Pooled Estimate
45,Des45,Superiority,4,1-Sided,0.1,0.089096205510054,0.80047652126173,1,Equal,LD (OF),LD (OF) (NB),593,359.854870713072,410.070184193294,0.9,0.95,Pooled Estimate
46,Des46,Superiority,4,1-Sided,0.245,0.226498629687197,0.800466927183542,1,Equal,LD (OF),LD (OF) (NB),520,336.428987462422,324.404057548925,0.1,0.15,Pooled Estimate
47,Des47,Superiority,4,1-Sided,0.245,0.226545107600628,0.800194027186446,1,Equal,LD (OF),LD (OF) (NB),1043,674.955927770427,650.431385937264,0.3,0.35,Pooled Estimate
48,Des48,Superiority,4,1-Sided,0.245,0.226531804448212,0.800010466808225,1,Equal,LD (OF),LD (OF) (NB),1185,766.932895596674,739.131219710535,0.5,0.55,Pooled Estimate
49,Des49,Superiority,4,1-Sided,0.245,0.226490709354507,0.80013768700201,1,Equal,LD (OF),LD (OF) (NB),686,443.748790730071,427.824915714096,0.8,0.85,Pooled Estimate
50,Des50,Superiority,4,1-Sided,0.245,0.226381725898931,0.800086025450158,1,Equal,LD (OF),LD (OF) (NB),329,212.73254451306,205.433733151434,0.9,0.95,Pooled Estimate
51,Des51,Superiority,4,1-Sided,0.005,0.00445605387439461,0.90000870023378,1,Equal,LD (OF),LD (OF) (NB),2766,1464.57908819261,2147.04036788668,0.1,0.15,Pooled Estimate
52,Des52,Superiority,4,1-Sided,0.005,0.00445775491540254,0.900009851903189,1,Equal,LD (OF),LD (OF) (NB),5553,2942.725356325,4308.72783994484,0.3,0.35,Pooled Estimate
53,Des53,Superiority,4,1-Sided,0.005,0.0044579215303523,0.900003802677693,1,Equal,LD (OF),LD (OF) (NB),6313,3345.65979284342,4898.25961872074,0.5,0.55,Pooled Estimate
54,Des54,Superiority,4,1-Sided,0.005,0.00445704019911438,0.900036073248653,1,Equal,LD (OF),LD (OF) (NB),3653,1935.39160721657,2834.89898303098,0.8,0.85,Pooled Estimate
55,Des55,Superiority,4,1-Sided,0.005,0.00445475973478802,0.900120098468863,1,Equal,LD (OF),LD (OF) (NB),1753,928.055017374605,1361.06976627028,0.9,0.95,Pooled Estimate
56,Des56,Superiority,4,1-Sided,0.025,0.0227438727931363,0.900137325283,1,Equal,LD (OF),LD (OF) (NB),1988,1178.80775168166,1452.1130678498,0.1,0.15,Pooled Estimate
57,Des57,Superiority,4,1-Sided,0.025,0.0227502340875505,0.900082925500367,1,Equal,LD (OF),LD (OF) (NB),3991,2367.60189432815,2914.08185092833,0.3,0.35,Pooled Estimate
58,Des58,Superiority,4,1-Sided,0.025,0.0227498630715193,0.900048936186133,1,Equal,LD (OF),LD (OF) (NB),4537,2691.77528955171,3312.73767477631,0.5,0.55,Pooled Estimate
59,Des59,Superiority,4,1-Sided,0.025,0.0227454544977397,0.900061534803911,1,Equal,LD (OF),LD (OF) (NB),2625,1556.93165739549,1917.06267645,0.8,0.85,Pooled Estimate
60,Des60,Superiority,4,1-Sided,0.025,0.0227358068615123,0.900046496429719,1,Equal,LD (OF),LD (OF) (NB),1259,745.923456987734,919.920570334164,0.9,0.95,Pooled Estimate
61,Des61,Superiority,4,1-Sided,0.05,0.0460136254591317,0.900151673210514,1,Equal,LD (OF),LD (OF) (NB),1641,1030.57826503322,1153.59683943343,0.1,0.15,Pooled Estimate
62,Des62,Superiority,4,1-Sided,0.05,0.0460239549049577,0.900046664210696,1,Equal,LD (OF),LD (OF) (NB),3294,2069.29146754417,2314.99462166989,0.3,0.35,Pooled Estimate
63,Des63,Superiority,4,1-Sided,0.05,0.0460263907781141,0.900051901359922,1,Equal,LD (OF),LD (OF) (NB),3745,2352.93893858965,2631.8026040333,0.5,0.55,Pooled Estimate
64,Des64,Superiority,4,1-Sided,0.05,0.0460217654729918,0.900122249567345,1,Equal,LD (OF),LD (OF) (NB),2167,1361.03583539855,1523.06235466041,0.8,0.85,Pooled Estimate
65,Des65,Superiority,4,1-Sided,0.05,0.0459997818934359,0.900039850972637,1,Equal,LD (OF),LD (OF) (NB),1039,651.912567572878,730.676334623076,0.9,0.95,Pooled Estimate
66,Des66,Superiority,4,1-Sided,0.1,0.0933144762505425,0.900122722963886,1,Equal,LD (OF),LD (OF) (NB),1283,853.747511013972,855.128385643769,0.1,0.15,Pooled Estimate
67,Des67,Superiority,4,1-Sided,0.1,0.0933325955157186,0.900059453320872,1,Equal,LD (OF),LD (OF) (NB),2576,1715.05025483825,1716.49979779863,0.3,0.35,Pooled Estimate
68,Des68,Superiority,4,1-Sided,0.1,0.0933347497387964,0.900078018395265,1,Equal,LD (OF),LD (OF) (NB),2929,1950.25161692911,1951.63111747881,0.5,0.55,Pooled Estimate
69,Des69,Superiority,4,1-Sided,0.1,0.093313962282375,0.900011159225721,1,Equal,LD (OF),LD (OF) (NB),1694,1127.43310001936,1128.99537873083,0.8,0.85,Pooled Estimate
70,Des70,Superiority,4,1-Sided,0.1,0.0932838528242542,0.900220634789814,1,Equal,LD (OF),LD (OF) (NB),813,540.825441782311,542.156578689585,0.9,0.95,Pooled Estimate
71,Des71,Superiority,4,1-Sided,0.245,0.233836135421478,0.900055450060637,1,Equal,LD (OF),LD (OF) (NB),796,554.586290441951,470.670927528071,0.1,0.15,Pooled Estimate
72,Des72,Superiority,4,1-Sided,0.245,0.233885788849408,0.900071291996362,1,Equal,LD (OF),LD (OF) (NB),1599,1114.47501706124,945.026157122056,0.3,0.35,Pooled Estimate
73,Des73,Superiority,4,1-Sided,0.245,0.233882136286476,0.900060724655257,1,Equal,LD (OF),LD (OF) (NB),1818,1267.21343924097,1074.34519335729,0.5,0.55,Pooled Estimate
74,Des74,Superiority,4,1-Sided,0.245,0.233865790266841,0.900156601120735,1,Equal,LD (OF),LD (OF) (NB),1052,733.163051458744,621.85566383062,0.8,0.85,Pooled Estimate
75,Des75,Superiority,4,1-Sided,0.245,0.23378195695711,0.900038716584048,1,Equal,LD (OF),LD (OF) (NB),504,350.960414370063,298.162030633375,0.9,0.95,Pooled Estimate
76,Des76,Superiority,4,1-Sided,0.005,0.00483898813845896,0.98999990405807,1,Equal,LD (OF),LD (OF) (NB),4286,2717.75680170601,2915.42854214941,0.1,0.15,Pooled Estimate
77,Des77,Superiority,4,1-Sided,0.005,0.00483990552500125,0.990000606740188,1,Equal,LD (OF),LD (OF) (NB),8608,5460.91996294174,5852.31811428064,0.3,0.35,Pooled Estimate
78,Des78,Superiority,4,1-Sided,0.005,0.00484004263912238,0.990002690749057,1,Equal,LD (OF),LD (OF) (NB),9787,6209.13387180669,6653.19327643644,0.5,0.55,Pooled Estimate
79,Des79,Superiority,4,1-Sided,0.005,0.00483947531488271,0.990009916362346,1,Equal,LD (OF),LD (OF) (NB),5662,3591.29800911861,3850.27834164386,0.8,0.85,Pooled Estimate
80,Des80,Superiority,4,1-Sided,0.005,0.00483845350596821,0.990018329668864,1,Equal,LD (OF),LD (OF) (NB),2715,1720.5132483689,1847.31573353352,0.9,0.95,Pooled Estimate
81,Des81,Superiority,4,1-Sided,0.025,0.0243438006892584,0.990014148134057,1,Equal,LD (OF),LD (OF) (NB),3309,2307.12261394855,2080.59317868451,0.1,0.15,Pooled Estimate
82,Des82,Superiority,4,1-Sided,0.025,0.0243469192304532,0.990006028185578,1,Equal,LD (OF),LD (OF) (NB),6646,4636.0319504137,4177.05327183911,0.3,0.35,Pooled Estimate
83,Des83,Superiority,4,1-Sided,0.025,0.0243476087945998,0.99000500322113,1,Equal,LD (OF),LD (OF) (NB),7556,5271.00483569458,4748.72436586286,0.5,0.55,Pooled Estimate
84,Des84,Superiority,4,1-Sided,0.025,0.0243448017834979,0.989999277678756,1,Equal,LD (OF),LD (OF) (NB),4370,3047.5667663229,2747.3513436757,0.8,0.85,Pooled Estimate
85,Des85,Superiority,4,1-Sided,0.025,0.0243406036649804,0.990009852340221,1,Equal,LD (OF),LD (OF) (NB),2095,1459.74332924082,1317.86734386627,0.9,0.95,Pooled Estimate
86,Des86,Superiority,4,1-Sided,0.05,0.0488517866220808,0.990009362505971,1,Equal,LD (OF),LD (OF) (NB),2862,2088.74605913538,1714.03031686005,0.1,0.15,Pooled Estimate
87,Des87,Superiority,4,1-Sided,0.05,0.0488586099778456,0.990005037530953,1,Equal,LD (OF),LD (OF) (NB),5749,4197.29579907309,3441.65357439703,0.3,0.35,Pooled Estimate
88,Des88,Superiority,4,1-Sided,0.05,0.0488594724480008,0.990001760845009,1,Equal,LD (OF),LD (OF) (NB),6536,4772.19051421649,3912.52494628832,0.5,0.55,Pooled Estimate
89,Des89,Superiority,4,1-Sided,0.05,0.0488557651156146,0.990013606479077,1,Equal,LD (OF),LD (OF) (NB),3781,2759.90932386649,2263.98618595138,0.8,0.85,Pooled Estimate
90,Des90,Superiority,4,1-Sided,0.05,0.0488460984253855,0.990011604586599,1,Equal,LD (OF),LD (OF) (NB),1812,1321.74577861658,1085.81066841002,0.9,0.95,Pooled Estimate
91,Des91,Superiority,4,1-Sided,0.1,0.0980996234880552,0.990017551532912,1,Equal,LD (OF),LD (OF) (NB),2392,1821.79321944152,1335.55395967304,0.1,0.15,Pooled Estimate
92,Des92,Superiority,4,1-Sided,0.1,0.0981087028375039,0.990006939302287,1,Equal,LD (OF),LD (OF) (NB),4805,3660.7921069194,2681.78821621357,0.3,0.35,Pooled Estimate
93,Des93,Superiority,4,1-Sided,0.1,0.0981109758502787,0.990005684552946,1,Equal,LD (OF),LD (OF) (NB),5463,4162.27040428438,3048.59944414927,0.5,0.55,Pooled Estimate
94,Des94,Superiority,4,1-Sided,0.1,0.0981041355513169,0.990000677535623,1,Equal,LD (OF),LD (OF) (NB),3159,2406.12944348182,1763.5085861536,0.8,0.85,Pooled Estimate
95,Des95,Superiority,4,1-Sided,0.1,0.0980826433210971,0.990008226077425,1,Equal,LD (OF),LD (OF) (NB),1514,1152.53461181287,845.767903133474,0.9,0.95,Pooled Estimate
96,Des96,Superiority,4,1-Sided,0.245,0.241894152904363,0.990017347030768,1,Equal,LD (OF),LD (OF) (NB),1728,1340.92759097532,820.716288981104,0.1,0.15,Pooled Estimate
97,Des97,Superiority,4,1-Sided,0.245,0.241912023412179,0.990008996570394,1,Equal,LD (OF),LD (OF) (NB),3472,2695.11534928161,1648.21017384841,0.3,0.35,Pooled Estimate
98,Des98,Superiority,4,1-Sided,0.245,0.241914250127725,0.990001351578612,1,Equal,LD (OF),LD (OF) (NB),3947,3063.79612744952,1873.6937884141,0.5,0.55,Pooled Estimate
99,Des99,Superiority,4,1-Sided,0.245,0.241905048134586,0.990015368786357,1,Equal,LD (OF),LD (OF) (NB),2283,1771.79470778072,1084.03731313662,0.8,0.85,Pooled Estimate
100,Des100,Superiority,4,1-Sided,0.245,0.241866132927051,0.990030769538527,1,Equal,LD (OF),LD (OF) (NB),1094,848.605484177342,519.697728430535,0.9,0.95,Pooled Estimate
101,Des101,Superiority,4,1-Sided,0.005,0.00317702054724049,0.510357251320771,1,Equal,LD (OF),LD (OF) (NB),223,76.2524355572094,152.863753314626,0.1,0.25,Pooled Estimate
102,Des102,Superiority,4,1-Sided,0.005,0.00318994502485397,0.51148690345925,1,Equal,LD (OF),LD (OF) (NB),363,124.423197104702,248.809612116997,0.3,0.45,Pooled Estimate
103,Des103,Superiority,4,1-Sided,0.005,0.00318302780978803,0.510011513128743,1,Equal,LD (OF),LD (OF) (NB),378,129.372209980441,258.706977004983,0.5,0.65,Pooled Estimate
104,Des104,Superiority,4,1-Sided,0.005,0.00317018473445301,0.511239076485649,1,Equal,LD (OF),LD (OF) (NB),169,57.6896100563769,116.036019502415,0.8,0.95,Pooled Estimate
105,Des105,Superiority,4,1-Sided,0.025,0.0170546008489062,0.514203559093012,1,Equal,LD (OF),LD (OF) (NB),140,55.0784762105388,92.7035712482415,0.1,0.25,Pooled Estimate
106,Des106,Superiority,4,1-Sided,0.025,0.017083150201028,0.512758684528318,1,Equal,LD (OF),LD (OF) (NB),227,89.467306209463,149.891431143416,0.3,0.45,Pooled Estimate
107,Des107,Superiority,4,1-Sided,0.025,0.0170488244271401,0.510786421605033,1,Equal,LD (OF),LD (OF) (NB),236,92.7689300972224,155.614451849979,0.5,0.65,Pooled Estimate
108,Des108,Superiority,4,1-Sided,0.025,0.016983032532949,0.513728539049674,1,Equal,LD (OF),LD (OF) (NB),106,41.6322361034176,70.2123392388486,0.8,0.95,Pooled Estimate
109,Des109,Superiority,4,1-Sided,0.05,0.0353988522422386,0.512658507999842,1,Equal,LD (OF),LD (OF) (NB),104,44.163088751728,67.0981366612353,0.1,0.25,Pooled Estimate
110,Des110,Superiority,4,1-Sided,0.05,0.0354996035498915,0.512627702507619,1,Equal,LD (OF),LD (OF) (NB),169,72.0219003581094,108.884335692847,0.3,0.45,Pooled Estimate
111,Des111,Superiority,4,1-Sided,0.05,0.0354920795966795,0.512079417385101,1,Equal,LD (OF),LD (OF) (NB),176,74.9007983729387,113.342619271421,0.5,0.65,Pooled Estimate
112,Des112,Superiority,4,1-Sided,0.05,0.0353963085391767,0.514652346138614,1,Equal,LD (OF),LD (OF) (NB),79,33.6000143272606,51.0565735761351,0.8,0.95,Pooled Estimate
113,Des113,Superiority,4,1-Sided,0.1,0.0742656067257168,0.51253737078562,1,Equal,LD (OF),LD (OF) (NB),69,32.0519615178678,43.0359253470894,0.1,0.25,Pooled Estimate
114,Des114,Superiority,4,1-Sided,0.1,0.0744816881597863,0.512547479411683,1,Equal,LD (OF),LD (OF) (NB),112,52.0483790079302,69.7260484158068,0.3,0.45,Pooled Estimate
115,Des115,Superiority,4,1-Sided,0.1,0.0745427441212063,0.513276812597196,1,Equal,LD (OF),LD (OF) (NB),117,54.4954001996124,72.8967204001739,0.5,0.65,Pooled Estimate
116,Des116,Superiority,4,1-Sided,0.1,0.0739480285510983,0.510459071428859,1,Equal,LD (OF),LD (OF) (NB),52,23.9916195539452,32.3975239971627,0.8,0.95,Pooled Estimate
117,Des117,Superiority,4,1-Sided,0.245,0.198792703036212,0.519189039221545,1,Equal,LD (OF),LD (OF) (NB),27,13.9661221928941,15.6565807007072,0.1,0.25,Pooled Estimate
118,Des118,Superiority,4,1-Sided,0.245,0.198697281097817,0.514941561462556,1,Equal,LD (OF),LD (OF) (NB),43,22.2157555636495,24.82818695507,0.3,0.45,Pooled Estimate
119,Des119,Superiority,4,1-Sided,0.245,0.197983895757464,0.510234257860163,1,Equal,LD (OF),LD (OF) (NB),44,22.6336548753112,25.3405976734418,0.5,0.65,Pooled Estimate
120,Des120,Superiority,4,1-Sided,0.245,0.197281725556705,0.512770742423698,1,Equal,LD (OF),LD (OF) (NB),20,10.2486847442873,11.571072838294,0.8,0.95,Pooled Estimate
121,Des121,Superiority,4,1-Sided,0.005,0.00412590801350086,0.801382694981338,1,Equal,LD (OF),LD (OF) (NB),329,152.615692027534,260.021304195905,0.1,0.25,Pooled Estimate
122,Des122,Superiority,4,1-Sided,0.005,0.00413361043812807,0.80017913079577,1,Equal,LD (OF),LD (OF) (NB),535,248.280207866477,422.209002458722,0.3,0.45,Pooled Estimate
123,Des123,Superiority,4,1-Sided,0.005,0.00413179025540041,0.800061298233353,1,Equal,LD (OF),LD (OF) (NB),558,258.747236666527,440.373750864838,0.5,0.65,Pooled Estimate
124,Des124,Superiority,4,1-Sided,0.005,0.00411672025897775,0.80050139264006,1,Equal,LD (OF),LD (OF) (NB),248,114.365513795921,196.333021066682,0.8,0.95,Pooled Estimate
125,Des125,Superiority,4,1-Sided,0.025,0.0213330443019934,0.802224436573813,1,Equal,LD (OF),LD (OF) (NB),227,119.745303827166,170.32358340112,0.1,0.25,Pooled Estimate
126,Des126,Superiority,4,1-Sided,0.025,0.0213462062524318,0.800531380146022,1,Equal,LD (OF),LD (OF) (NB),369,195.179343558896,276.50201700461,0.3,0.45,Pooled Estimate
127,Des127,Superiority,4,1-Sided,0.025,0.0213518102730056,0.800718154032932,1,Equal,LD (OF),LD (OF) (NB),385,203.718134321754,288.463729083845,0.5,0.65,Pooled Estimate
128,Des128,Superiority,4,1-Sided,0.025,0.0212844151146555,0.801322253067504,1,Equal,LD (OF),LD (OF) (NB),171,89.8619732308257,128.460522081977,0.8,0.95,Pooled Estimate
129,Des129,Superiority,4,1-Sided,0.05,0.0434097724073485,0.801793655959566,1,Equal,LD (OF),LD (OF) (NB),182,102.420429122583,132.185040229265,0.1,0.25,Pooled Estimate
130,Des130,Superiority,4,1-Sided,0.05,0.0434996460244365,0.800800318746398,1,Equal,LD (OF),LD (OF) (NB),296,167.173223900483,214.65818216623,0.3,0.45,Pooled Estimate
131,Des131,Superiority,4,1-Sided,0.05,0.0435037362637036,0.801082355706396,1,Equal,LD (OF),LD (OF) (NB),309,174.755734976448,224.005270854029,0.5,0.65,Pooled Estimate
132,Des132,Superiority,4,1-Sided,0.05,0.0433188091687427,0.800791012799462,1,Equal,LD (OF),LD (OF) (NB),137,77.0804302763044,99.6087113978401,0.8,0.95,Pooled Estimate
133,Des133,Superiority,4,1-Sided,0.1,0.0888052883999676,0.801242373779759,1,Equal,LD (OF),LD (OF) (NB),136,82.0647751947964,94.3722398254673,0.1,0.25,Pooled Estimate
134,Des134,Superiority,4,1-Sided,0.1,0.0889370670042718,0.801204902519893,1,Equal,LD (OF),LD (OF) (NB),222,134.248083787161,153.729135783014,0.3,0.45,Pooled Estimate
135,Des135,Superiority,4,1-Sided,0.1,0.0889636348771339,0.800534733105694,1,Equal,LD (OF),LD (OF) (NB),231,139.703570913676,159.916105009243,0.5,0.65,Pooled Estimate
136,Des136,Superiority,4,1-Sided,0.1,0.0887563874754042,0.802788869652997,1,Equal,LD (OF),LD (OF) (NB),103,62.0321646904652,71.4866893285242,0.8,0.95,Pooled Estimate
137,Des137,Superiority,4,1-Sided,0.245,0.225922724885547,0.802865926209874,1,Equal,LD (OF),LD (OF) (NB),76,48.9499508872511,47.5871753115035,0.1,0.25,Pooled Estimate
138,Des138,Superiority,4,1-Sided,0.245,0.226116341900617,0.800535762931037,1,Equal,LD (OF),LD (OF) (NB),123,79.2507669944298,76.8570068998385,0.3,0.45,Pooled Estimate
139,Des139,Superiority,4,1-Sided,0.245,0.226179178098161,0.801882208031087,1,Equal,LD (OF),LD (OF) (NB),129,83.3446734131741,80.711186022824,0.5,0.65,Pooled Estimate
140,Des140,Superiority,4,1-Sided,0.245,0.22542481754961,0.801243813608905,1,Equal,LD (OF),LD (OF) (NB),57,36.6581449932573,35.850293067818,0.8,0.95,Pooled Estimate
141,Des141,Superiority,4,1-Sided,0.005,0.00443927645830289,0.900769385127853,1,Equal,LD (OF),LD (OF) (NB),402,211.36057186501,313.231301517836,0.1,0.25,Pooled Estimate
142,Des142,Superiority,4,1-Sided,0.005,0.00444837912290181,0.900322389918022,1,Equal,LD (OF),LD (OF) (NB),655,345.612026372068,509.356800840158,0.3,0.45,Pooled Estimate
143,Des143,Superiority,4,1-Sided,0.005,0.00444853989723278,0.90022187446317,1,Equal,LD (OF),LD (OF) (NB),683,360.414356332109,531.095874475476,0.5,0.65,Pooled Estimate
144,Des144,Superiority,4,1-Sided,0.005,0.00443517469418536,0.90059726251973,1,Equal,LD (OF),LD (OF) (NB),303,158.948756522881,236.336221547829,0.8,0.95,Pooled Estimate
145,Des145,Superiority,4,1-Sided,0.025,0.0226653404685688,0.900289817223151,1,Equal,LD (OF),LD (OF) (NB),288,169.689716847382,211.250563213117,0.1,0.25,Pooled Estimate
146,Des146,Superiority,4,1-Sided,0.025,0.022692048158377,0.900039773087935,1,Equal,LD (OF),LD (OF) (NB),470,277.556602766228,344.14006918538,0.3,0.45,Pooled Estimate
147,Des147,Superiority,4,1-Sided,0.025,0.0227122498181006,0.900645374285034,1,Equal,LD (OF),LD (OF) (NB),491,290.287968065534,359.202938853729,0.5,0.65,Pooled Estimate
148,Des148,Superiority,4,1-Sided,0.025,0.0226221738381094,0.900002679156509,1,Equal,LD (OF),LD (OF) (NB),217,127.636356538597,159.366177630778,0.8,0.95,Pooled Estimate
149,Des149,Superiority,4,1-Sided,0.05,0.0458579654167858,0.900777811963909,1,Equal,LD (OF),LD (OF) (NB),238,148.554875231544,167.974384365278,0.1,0.25,Pooled Estimate
150,Des150,Superiority,4,1-Sided,0.05,0.0459366547679931,0.900319244725555,1,Equal,LD (OF),LD (OF) (NB),388,242.875792602831,273.388474684756,0.3,0.45,Pooled Estimate
151,Des151,Superiority,4,1-Sided,0.05,0.0459381728149064,0.900472187032243,1,Equal,LD (OF),LD (OF) (NB),405,253.692401747347,285.260852372287,0.5,0.65,Pooled Estimate
152,Des152,Superiority,4,1-Sided,0.05,0.0458212215452965,0.900361404414737,1,Equal,LD (OF),LD (OF) (NB),179,111.405414274928,126.471855472162,0.8,0.95,Pooled Estimate
153,Des153,Superiority,4,1-Sided,0.1,0.0930222530893545,0.900820855340819,1,Equal,LD (OF),LD (OF) (NB),186,123.08843269638,124.438922580261,0.1,0.25,Pooled Estimate
154,Des154,Superiority,4,1-Sided,0.1,0.0931713475973268,0.900136874705087,1,Equal,LD (OF),LD (OF) (NB),303,200.927963071527,202.393695524962,0.3,0.45,Pooled Estimate
155,Des155,Superiority,4,1-Sided,0.1,0.0931656354779795,0.90006220819183,1,Equal,LD (OF),LD (OF) (NB),316,209.652544506032,211.14618718704,0.5,0.65,Pooled Estimate
156,Des156,Superiority,4,1-Sided,0.1,0.0929529986640998,0.900769807697751,1,Equal,LD (OF),LD (OF) (NB),140,92.4805546871645,93.8699810324383,0.8,0.95,Pooled Estimate
157,Des157,Superiority,4,1-Sided,0.245,0.233357701665839,0.900497200912484,1,Equal,LD (OF),LD (OF) (NB),115,79.6523828373716,68.2689035281373,0.1,0.25,Pooled Estimate
158,Des158,Superiority,4,1-Sided,0.245,0.233558491218728,0.900319119655788,1,Equal,LD (OF),LD (OF) (NB),188,130.635346838366,111.437175195217,0.3,0.45,Pooled Estimate
159,Des159,Superiority,4,1-Sided,0.245,0.233565622174434,0.900196528774562,1,Equal,LD (OF),LD (OF) (NB),196,136.202092118409,116.175779719807,0.5,0.65,Pooled Estimate
160,Des160,Superiority,4,1-Sided,0.245,0.233236539829272,0.901541651389134,1,Equal,LD (OF),LD (OF) (NB),87,60.1711712383008,51.6854975359519,0.8,0.95,Pooled Estimate
161,Des161,Superiority,4,1-Sided,0.005,0.00483039912571236,0.990031377709706,1,Equal,LD (OF),LD (OF) (NB),619,390.077076912064,423.09774315426,0.1,0.25,Pooled Estimate
162,Des162,Superiority,4,1-Sided,0.005,0.0048341856575839,0.990021660949337,1,Equal,LD (OF),LD (OF) (NB),1012,639.690078948685,690.388340329082,0.3,0.45,Pooled Estimate
163,Des163,Superiority,4,1-Sided,0.005,0.00483463078064535,0.990043086747894,1,Equal,LD (OF),LD (OF) (NB),1056,667.68926009859,720.199969083122,0.5,0.65,Pooled Estimate
164,Des164,Superiority,4,1-Sided,0.005,0.00482479170718733,0.990000447619729,1,Equal,LD (OF),LD (OF) (NB),466,293.154072915378,319.562069669581,0.8,0.95,Pooled Estimate
165,Des165,Superiority,4,1-Sided,0.025,0.0243018415466779,0.990035627805571,1,Equal,LD (OF),LD (OF) (NB),477,330.700282130905,301.533528376257,0.1,0.25,Pooled Estimate
166,Des166,Superiority,4,1-Sided,0.025,0.0243224529052656,0.990068877220151,1,Equal,LD (OF),LD (OF) (NB),781,542.955448048634,492.384386894552,0.3,0.45,Pooled Estimate
167,Des167,Superiority,4,1-Sided,0.025,0.0243205434410227,0.990011182168661,1,Equal,LD (OF),LD (OF) (NB),814,566.011598962026,513.305243449684,0.5,0.65,Pooled Estimate
168,Des168,Superiority,4,1-Sided,0.025,0.0242920230248794,0.990059552778015,1,Equal,LD (OF),LD (OF) (NB),359,248.274393677696,227.243309090701,0.8,0.95,Pooled Estimate
169,Des169,Superiority,4,1-Sided,0.05,0.0487801137065749,0.990022413121932,1,Equal,LD (OF),LD (OF) (NB),412,299.137196640069,248.13816399837,0.1,0.25,Pooled Estimate
170,Des170,Superiority,4,1-Sided,0.05,0.0488187044884649,0.990059934490389,1,Equal,LD (OF),LD (OF) (NB),675,491.15174152319,405.316649791206,0.3,0.45,Pooled Estimate
171,Des171,Superiority,4,1-Sided,0.05,0.0488171931333745,0.990042162069185,1,Equal,LD (OF),LD (OF) (NB),704,512.47534042467,422.78779700798,0.5,0.65,Pooled Estimate
172,Des172,Superiority,4,1-Sided,0.05,0.0487394674140586,0.990029929443516,1,Equal,LD (OF),LD (OF) (NB),310,224.686442418199,187.072683744081,0.8,0.95,Pooled Estimate
173,Des173,Superiority,4,1-Sided,0.1,0.0979744383103154,0.990052306333075,1,Equal,LD (OF),LD (OF) (NB),344,260.788175213014,193.238502070662,0.1,0.25,Pooled Estimate
174,Des174,Superiority,4,1-Sided,0.1,0.0980366483781482,0.990086878824096,1,Equal,LD (OF),LD (OF) (NB),564,428.550304627428,315.843396938015,0.3,0.45,Pooled Estimate
175,Des175,Superiority,4,1-Sided,0.1,0.0980370399027091,0.990050837932209,1,Equal,LD (OF),LD (OF) (NB),588,446.790234331996,329.303052885741,0.5,0.65,Pooled Estimate
176,Des176,Superiority,4,1-Sided,0.1,0.0979436082564935,0.990138954890664,1,Equal,LD (OF),LD (OF) (NB),259,195.910197415962,145.716096872034,0.8,0.95,Pooled Estimate
177,Des177,Superiority,4,1-Sided,0.245,0.241672053384809,0.990078836500092,1,Equal,LD (OF),LD (OF) (NB),248,191.713652830934,118.522030651081,0.1,0.25,Pooled Estimate
178,Des178,Superiority,4,1-Sided,0.245,0.241792025308075,0.990096845075848,1,Equal,LD (OF),LD (OF) (NB),407,315.124069802202,193.890375735081,0.3,0.45,Pooled Estimate
179,Des179,Superiority,4,1-Sided,0.245,0.241777562657552,0.990028961855062,1,Equal,LD (OF),LD (OF) (NB),424,328.35746019892,202.059061305371,0.5,0.65,Pooled Estimate
180,Des180,Superiority,4,1-Sided,0.245,0.24152038950929,0.99000758411499,1,Equal,LD (OF),LD (OF) (NB),186,143.499241387774,88.9911676968942,0.8,0.95,Pooled Estimate
258,Des181,Superiority,4,1-Sided,0.005,0.00315594281826158,0.514139347900196,1,Equal,LD (OF),LD (OF) (NB),97,33.042776028453,66.9602540484992,0.1,0.35,Pooled Estimate
259,Des182,Superiority,4,1-Sided,0.005,0.00317026855235174,0.512897031248362,1,Equal,LD (OF),LD (OF) (NB),136,46.3858296303824,93.6316310813598,0.3,0.55,Pooled Estimate
260,Des183,Superiority,4,1-Sided,0.005,0.00315156852845186,0.509479457243928,1,Equal,LD (OF),LD (OF) (NB),130,44.284669782774,89.1954018862253,0.5,0.75,Pooled Estimate
261,Des184,Superiority,4,1-Sided,0.025,0.0169306844786074,0.517738599994144,1,Equal,LD (OF),LD (OF) (NB),61,23.9550898321687,40.6657961108878,0.1,0.35,Pooled Estimate
262,Des185,Superiority,4,1-Sided,0.025,0.0169358946911672,0.512709295002027,1,Equal,LD (OF),LD (OF) (NB),85,33.3258455468203,56.3091943611587,0.3,0.55,Pooled Estimate
263,Des186,Superiority,4,1-Sided,0.025,0.0169665477284061,0.516145405614954,1,Equal,LD (OF),LD (OF) (NB),82,32.2130744936892,54.4917960839762,0.5,0.75,Pooled Estimate
264,Des187,Superiority,4,1-Sided,0.05,0.0349699428858822,0.511051610886364,1,Equal,LD (OF),LD (OF) (NB),45,18.9862751347457,29.1165903880974,0.1,0.35,Pooled Estimate
265,Des188,Superiority,4,1-Sided,0.05,0.0351692827666997,0.510325151425186,1,Equal,LD (OF),LD (OF) (NB),63,26.6388043603783,40.6076691070508,0.3,0.55,Pooled Estimate
266,Des189,Superiority,4,1-Sided,0.05,0.0352746828445636,0.51518070731196,1,Equal,LD (OF),LD (OF) (NB),61,25.9194072642326,39.5249321046093,0.5,0.75,Pooled Estimate
267,Des190,Superiority,4,1-Sided,0.1,0.073249349513549,0.511475991508385,1,Equal,LD (OF),LD (OF) (NB),30,13.7804599283214,18.7671597831925,0.1,0.35,Pooled Estimate
268,Des191,Superiority,4,1-Sided,0.1,0.0736707857953211,0.511238151246397,1,Equal,LD (OF),LD (OF) (NB),42,19.3607341880779,26.2023823811933,0.3,0.55,Pooled Estimate
269,Des192,Superiority,4,1-Sided,0.1,0.0743129740200432,0.519947815094809,1,Equal,LD (OF),LD (OF) (NB),41,19.1196168407005,25.7967295733315,0.5,0.75,Pooled Estimate
270,Des193,Superiority,4,1-Sided,0.005,0.00408957167116178,0.800821877838544,1,Equal,LD (OF),LD (OF) (NB),141,64.6981817353468,111.981615501895,0.1,0.35,Pooled Estimate
271,Des194,Superiority,4,1-Sided,0.005,0.00411239107690403,0.801196438909454,1,Equal,LD (OF),LD (OF) (NB),199,91.5747373140558,157.668634165663,0.3,0.55,Pooled Estimate
272,Des195,Superiority,4,1-Sided,0.005,0.00411348215188538,0.802104051221519,1,Equal,LD (OF),LD (OF) (NB),191,87.9296953673813,151.381528894119,0.5,0.75,Pooled Estimate
273,Des196,Superiority,4,1-Sided,0.025,0.0211355554965627,0.800898203233039,1,Equal,LD (OF),LD (OF) (NB),97,50.7200223780309,73.1650760183188,0.1,0.35,Pooled Estimate
274,Des197,Superiority,4,1-Sided,0.025,0.021221858053829,0.800914159432637,1,Equal,LD (OF),LD (OF) (NB),137,71.9764038628992,103.065947274632,0.3,0.55,Pooled Estimate
275,Des198,Superiority,4,1-Sided,0.025,0.0212239427026329,0.800210134318625,1,Equal,LD (OF),LD (OF) (NB),131,68.518678395279,98.5584543291479,0.5,0.75,Pooled Estimate
276,Des199,Superiority,4,1-Sided,0.05,0.0430802672808933,0.802373571868743,1,Equal,LD (OF),LD (OF) (NB),78,43.3527333618547,56.9812691954583,0.1,0.35,Pooled Estimate
277,Des200,Superiority,4,1-Sided,0.05,0.0432374094924778,0.801579893502734,1,Equal,LD (OF),LD (OF) (NB),110,61.4983909111834,80.1191125147967,0.3,0.55,Pooled Estimate
278,Des201,Superiority,4,1-Sided,0.05,0.0432023429220089,0.800030337459537,1,Equal,LD (OF),LD (OF) (NB),105,58.8755868510288,76.4659032856116,0.5,0.75,Pooled Estimate
279,Des202,Superiority,4,1-Sided,0.1,0.0880317680509913,0.799916769165395,1,Equal,LD (OF),LD (OF) (NB),58,34.4743467128363,40.4654191826792,0.1,0.35,Pooled Estimate
280,Des203,Superiority,4,1-Sided,0.1,0.0883774107568409,0.800015671333668,1,Equal,LD (OF),LD (OF) (NB),82,49.0575065906719,57.0389649507938,0.3,0.55,Pooled Estimate
281,Des204,Superiority,4,1-Sided,0.1,0.0885833475419561,0.802653625035906,1,Equal,LD (OF),LD (OF) (NB),79,47.4126945893794,54.9148299942794,0.5,0.75,Pooled Estimate
282,Des205,Superiority,4,1-Sided,0.005,0.00441569198692883,0.901514270728197,1,Equal,LD (OF),LD (OF) (NB),172,89.5459927540163,134.849316523694,0.1,0.35,Pooled Estimate
283,Des206,Superiority,4,1-Sided,0.005,0.00443047817295667,0.901167593041969,1,Equal,LD (OF),LD (OF) (NB),243,127.206395022632,189.766079804653,0.3,0.55,Pooled Estimate
284,Des207,Superiority,4,1-Sided,0.005,0.00442595221629976,0.90129443801615,1,Equal,LD (OF),LD (OF) (NB),233,122.192036877397,182.012927191747,0.5,0.75,Pooled Estimate
285,Des208,Superiority,4,1-Sided,0.025,0.0225580415032638,0.901137411853526,1,Equal,LD (OF),LD (OF) (NB),123,71.7420054344078,90.6620201261522,0.1,0.35,Pooled Estimate
286,Des209,Superiority,4,1-Sided,0.025,0.0225880774784099,0.900518696709955,1,Equal,LD (OF),LD (OF) (NB),174,101.911559384682,128.052023499191,0.3,0.55,Pooled Estimate
287,Des210,Superiority,4,1-Sided,0.025,0.0226190180467135,0.901389847602341,1,Equal,LD (OF),LD (OF) (NB),167,97.9234446341262,122.738744857523,0.5,0.75,Pooled Estimate
288,Des211,Superiority,4,1-Sided,0.05,0.0455816362635357,0.899886630424817,1,Equal,LD (OF),LD (OF) (NB),101,62.4940578492036,71.766650973396,0.1,0.35,Pooled Estimate
289,Des212,Superiority,4,1-Sided,0.05,0.045790714504565,0.901949333479119,1,Equal,LD (OF),LD (OF) (NB),144,89.6192561275529,101.903057321828,0.3,0.55,Pooled Estimate
290,Des213,Superiority,4,1-Sided,0.05,0.0457379045281329,0.901832703974099,1,Equal,LD (OF),LD (OF) (NB),138,85.7413581141307,97.6981544841315,0.5,0.75,Pooled Estimate
291,Des214,Superiority,4,1-Sided,0.1,0.0926625452684189,0.901083079817921,1,Equal,LD (OF),LD (OF) (NB),79,51.7630088174189,53.1704292574912,0.1,0.35,Pooled Estimate
292,Des215,Superiority,4,1-Sided,0.1,0.0928467957708529,0.900866668734784,1,Equal,LD (OF),LD (OF) (NB),112,73.8227039743978,75.2245238248111,0.3,0.55,Pooled Estimate
293,Des216,Superiority,4,1-Sided,0.1,0.0928235500432767,0.900235708038999,1,Equal,LD (OF),LD (OF) (NB),107,70.3725639288072,71.846546101745,0.5,0.75,Pooled Estimate
294,Des217,Superiority,4,1-Sided,0.005,0.00481652459383629,0.990161768887173,1,Equal,LD (OF),LD (OF) (NB),263,164.214516022321,181.10872611337,0.1,0.35,Pooled Estimate
295,Des218,Superiority,4,1-Sided,0.005,0.00482214980986736,0.990089650511623,1,Equal,LD (OF),LD (OF) (NB),373,234.137509370356,256.009353309389,0.3,0.55,Pooled Estimate
296,Des219,Superiority,4,1-Sided,0.005,0.0048208617551928,0.990039297573476,1,Equal,LD (OF),LD (OF) (NB),357,223.926723872525,245.208465440257,0.5,0.75,Pooled Estimate
297,Des220,Superiority,4,1-Sided,0.025,0.0242282721745359,0.990114288704114,1,Equal,LD (OF),LD (OF) (NB),202,138.973020489669,128.79466540096,0.1,0.35,Pooled Estimate
298,Des221,Superiority,4,1-Sided,0.025,0.0242779836482625,0.990107069938315,1,Equal,LD (OF),LD (OF) (NB),287,198.061834952767,181.975295424395,0.3,0.55,Pooled Estimate
299,Des222,Superiority,4,1-Sided,0.025,0.024275716990534,0.990142432592901,1,Equal,LD (OF),LD (OF) (NB),275,189.713742544781,174.405417862061,0.5,0.75,Pooled Estimate
300,Des223,Superiority,4,1-Sided,0.05,0.0486359012702486,0.990033971126913,1,Equal,LD (OF),LD (OF) (NB),174,125.347391057861,105.712247277648,0.1,0.35,Pooled Estimate
301,Des224,Superiority,4,1-Sided,0.05,0.0487289409885472,0.990151413102362,1,Equal,LD (OF),LD (OF) (NB),248,179.43588035477,149.899175896083,0.3,0.55,Pooled Estimate
302,Des225,Superiority,4,1-Sided,0.05,0.0487067450626012,0.990028086074703,1,Equal,LD (OF),LD (OF) (NB),237,171.211637249132,143.519159678744,0.5,0.75,Pooled Estimate
303,Des226,Superiority,4,1-Sided,0.1,0.0977413714995717,0.990089270081148,1,Equal,LD (OF),LD (OF) (NB),145,109.001431039218,82.4285810100541,0.1,0.35,Pooled Estimate
304,Des227,Superiority,4,1-Sided,0.1,0.0979022204216602,0.990217265401149,1,Equal,LD (OF),LD (OF) (NB),207,156.303185491298,116.674570604451,0.3,0.55,Pooled Estimate
305,Des228,Superiority,4,1-Sided,0.1,0.0978384224119655,0.990141656395065,1,Equal,LD (OF),LD (OF) (NB),198,149.55972660024,111.630364462483,0.5,0.75,Pooled Estimate
306,Des229,Superiority,4,1-Sided,0.245,0.196581993026267,0.510865973767914,1,Equal,LD (OF),LD (OF) (NB),16,8.16326020190492,9.25527035852708,0.3,0.55,Pooled Estimate
307,Des230,Superiority,4,1-Sided,0.245,0.197797007009263,0.521314565318145,1,Equal,LD (OF),LD (OF) (NB),16,8.23284476260824,9.32741004418651,0.5,0.75,Pooled Estimate
308,Des231,Superiority,4,1-Sided,0.245,0.224937640144722,0.807493115000574,1,Equal,LD (OF),LD (OF) (NB),33,21.2023803654979,20.8726155280184,0.1,0.35,Pooled Estimate
309,Des232,Superiority,4,1-Sided,0.245,0.225131284809847,0.803057196860963,1,Equal,LD (OF),LD (OF) (NB),46,29.40922981691,28.8101689837364,0.3,0.55,Pooled Estimate
310,Des233,Superiority,4,1-Sided,0.245,0.225293212589344,0.803255926971747,1,Equal,LD (OF),LD (OF) (NB),44,28.1959283558496,27.6485267520642,0.5,0.75,Pooled Estimate
311,Des234,Superiority,4,1-Sided,0.245,0.232390888605984,0.901636501735082,1,Equal,LD (OF),LD (OF) (NB),49,33.7388543535574,29.4270867125445,0.1,0.35,Pooled Estimate
312,Des235,Superiority,4,1-Sided,0.245,0.232750739268924,0.899858892326562,1,Equal,LD (OF),LD (OF) (NB),69,47.6325211457797,41.2869397484281,0.3,0.55,Pooled Estimate
313,Des236,Superiority,4,1-Sided,0.245,0.233086307935009,0.90284202215136,1,Equal,LD (OF),LD (OF) (NB),67,46.2568159403527,39.8409154398014,0.5,0.75,Pooled Estimate
314,Des237,Superiority,4,1-Sided,0.245,0.241285063573408,0.99009894574622,1,Equal,LD (OF),LD (OF) (NB),104,79.8857152684117,50.2313830262914,0.1,0.35,Pooled Estimate
315,Des238,Superiority,4,1-Sided,0.245,0.24147792119076,0.990224447817028,1,Equal,LD (OF),LD (OF) (NB),149,114.79115913183,71.7370430162096,0.3,0.55,Pooled Estimate
316,Des239,Superiority,4,1-Sided,0.245,0.24139128055132,0.990025060755383,1,Equal,LD (OF),LD (OF) (NB),142,109.342131186071,68.1053097344022,0.5,0.75,Pooled Estimate
317,Des240,Superiority,4,1-Sided,0.005,0.0030356790664017,0.511627828108769,1,Equal,LD (OF),LD (OF) (NB),32,10.6026257859034,22.3875925242861,0.1,0.59,Pooled Estimate
318,Des241,Superiority,4,1-Sided,0.005,0.00312323553935015,0.53249274819508,1,Equal,LD (OF),LD (OF) (NB),36,12.1682874790065,25.5924946983111,0.3,0.79,Pooled Estimate
319,Des242,Superiority,4,1-Sided,0.005,0.00304846664398363,0.523045737009871,1,Equal,LD (OF),LD (OF) (NB),27,9.09539240548761,19.1942298938442,0.5,0.99,Pooled Estimate
320,Des243,Superiority,4,1-Sided,0.025,0.0161813881709575,0.510402438546728,1,Equal,LD (OF),LD (OF) (NB),20,7.54918742276826,13.4826556726104,0.1,0.59,Pooled Estimate
321,Des244,Superiority,4,1-Sided,0.025,0.0161102020984503,0.50629943039766,1,Equal,LD (OF),LD (OF) (NB),22,8.4189187488823,14.7337673251304,0.3,0.79,Pooled Estimate
322,Des245,Superiority,4,1-Sided,0.025,0.0161188848588669,0.520476027762351,1,Equal,LD (OF),LD (OF) (NB),17,6.48137918429632,11.6067011870241,0.5,0.99,Pooled Estimate
323,Des246,Superiority,4,1-Sided,0.05,0.0343856099951896,0.529437097926038,1,Equal,LD (OF),LD (OF) (NB),17,7.15615883220783,11.3308960649984,0.3,0.79,Pooled Estimate
324,Des247,Superiority,4,1-Sided,0.005,0.00398126085705026,0.812102801205282,1,Equal,LD (OF),LD (OF) (NB),46,20.1061668062254,37.3255866496522,0.1,0.59,Pooled Estimate
325,Des248,Superiority,4,1-Sided,0.005,0.00396651842944693,0.801046434486762,1,Equal,LD (OF),LD (OF) (NB),50,21.7420875531956,40.4117660594916,0.3,0.79,Pooled Estimate
326,Des249,Superiority,4,1-Sided,0.005,0.00393332360882368,0.811501475993914,1,Equal,LD (OF),LD (OF) (NB),38,16.3212667631108,31.0245641486055,0.5,0.99,Pooled Estimate
327,Des250,Superiority,4,1-Sided,0.025,0.0206156332964278,0.805176156492799,1,Equal,LD (OF),LD (OF) (NB),31,15.500675533171,23.8686364268001,0.1,0.59,Pooled Estimate
328,Des251,Superiority,4,1-Sided,0.025,0.0208511081842064,0.815452241231199,1,Equal,LD (OF),LD (OF) (NB),35,17.807406263576,26.8637183750005,0.3,0.79,Pooled Estimate
329,Des252,Superiority,4,1-Sided,0.025,0.0203440040835545,0.811212449924347,1,Equal,LD (OF),LD (OF) (NB),26,12.7519724492945,20.2349915567794,0.5,0.99,Pooled Estimate
330,Des253,Superiority,4,1-Sided,0.05,0.0419644761665804,0.807774057188012,1,Equal,LD (OF),LD (OF) (NB),25,13.6031006338895,18.6188867859679,0.1,0.59,Pooled Estimate
331,Des254,Superiority,4,1-Sided,0.05,0.0424136755814153,0.814483897119559,1,Equal,LD (OF),LD (OF) (NB),28,15.22085616514,20.8645638885714,0.3,0.79,Pooled Estimate
332,Des255,Superiority,4,1-Sided,0.05,0.0417972394804882,0.817104564138509,1,Equal,LD (OF),LD (OF) (NB),21,11.4076810729154,15.735818479513,0.5,0.99,Pooled Estimate
333,Des256,Superiority,4,1-Sided,0.1,0.0867486146209109,0.817271903878118,1,Equal,LD (OF),LD (OF) (NB),19,11.0237764359659,13.5122930767492,0.1,0.59,Pooled Estimate
334,Des257,Superiority,4,1-Sided,0.1,0.086638411988469,0.813874502748518,1,Equal,LD (OF),LD (OF) (NB),21,12.3873537499479,14.9258447052552,0.3,0.79,Pooled Estimate
335,Des258,Superiority,4,1-Sided,0.005,0.00433001313161063,0.907855071629803,1,Equal,LD (OF),LD (OF) (NB),55,27.5511208985001,43.9914352322767,0.1,0.59,Pooled Estimate
336,Des259,Superiority,4,1-Sided,0.005,0.00431626943899881,0.901011050591621,1,Equal,LD (OF),LD (OF) (NB),60,29.9573486960943,48.0730851861033,0.3,0.79,Pooled Estimate
337,Des260,Superiority,4,1-Sided,0.005,0.00426424985018891,0.904749478929772,1,Equal,LD (OF),LD (OF) (NB),45,22.3688822313171,36.2896730770238,0.5,0.99,Pooled Estimate
338,Des261,Superiority,4,1-Sided,0.025,0.0221379715914154,0.906952082253577,1,Equal,LD (OF),LD (OF) (NB),39,21.9511444795123,29.3521087942396,0.1,0.59,Pooled Estimate
339,Des262,Superiority,4,1-Sided,0.025,0.0221772703208173,0.90463249400867,1,Equal,LD (OF),LD (OF) (NB),43,24.2824119807165,32.2883623871689,0.3,0.79,Pooled Estimate
340,Des263,Superiority,4,1-Sided,0.025,0.0219299069493438,0.906913358291359,1,Equal,LD (OF),LD (OF) (NB),32,17.7727216032846,24.4043384507678,0.5,0.99,Pooled Estimate
341,Des264,Superiority,4,1-Sided,0.05,0.0447934582905332,0.906704956379599,1,Equal,LD (OF),LD (OF) (NB),32,19.1413135844569,23.284761988688,0.1,0.59,Pooled Estimate
342,Des265,Superiority,4,1-Sided,0.05,0.0448634344883534,0.902146053529852,1,Equal,LD (OF),LD (OF) (NB),35,20.9071351671903,25.3309420272662,0.3,0.79,Pooled Estimate
343,Des266,Superiority,4,1-Sided,0.05,0.0441314193257911,0.902967791786106,1,Equal,LD (OF),LD (OF) (NB),26,15.1544147343135,19.1604630362607,0.5,0.99,Pooled Estimate
344,Des267,Superiority,4,1-Sided,0.1,0.0908990495219145,0.907627313393812,1,Equal,LD (OF),LD (OF) (NB),25,16.0059557273686,17.241387863439,0.1,0.59,Pooled Estimate
345,Des268,Superiority,4,1-Sided,0.1,0.0911100428197124,0.900794757323163,1,Equal,LD (OF),LD (OF) (NB),27,17.1024083073086,18.5763021429902,0.3,0.79,Pooled Estimate
346,Des269,Superiority,4,1-Sided,0.1,0.0901850989028677,0.903020156553786,1,Equal,LD (OF),LD (OF) (NB),20,12.5003928464648,13.9733603932377,0.5,0.99,Pooled Estimate
347,Des270,Superiority,4,1-Sided,0.005,0.00474520726271157,0.99045464800779,1,Equal,LD (OF),LD (OF) (NB),81,48.9196781128663,57.6402561036373,0.1,0.59,Pooled Estimate
348,Des271,Superiority,4,1-Sided,0.005,0.00475216706433734,0.9903385618335,1,Equal,LD (OF),LD (OF) (NB),90,54.5565890274587,64.0522627802819,0.3,0.79,Pooled Estimate
349,Des272,Superiority,4,1-Sided,0.005,0.0047136131413869,0.990355223723344,1,Equal,LD (OF),LD (OF) (NB),66,39.2701167027341,47.8047397561564,0.5,0.99,Pooled Estimate
350,Des273,Superiority,4,1-Sided,0.025,0.0239323374406906,0.990893420581871,1,Equal,LD (OF),LD (OF) (NB),62,41.3655705832218,40.8047606368836,0.1,0.59,Pooled Estimate
351,Des274,Superiority,4,1-Sided,0.025,0.023996934801495,0.990836670456477,1,Equal,LD (OF),LD (OF) (NB),69,46.1814426862259,45.0399161028558,0.3,0.79,Pooled Estimate
352,Des275,Superiority,4,1-Sided,0.025,0.0237915250723461,0.990443480360448,1,Equal,LD (OF),LD (OF) (NB),50,32.8966662445674,33.4070424939654,0.5,0.99,Pooled Estimate
353,Des276,Superiority,4,1-Sided,0.05,0.0481162445931113,0.990760629041955,1,Equal,LD (OF),LD (OF) (NB),53,36.9871815576589,33.2185182114452,0.1,0.59,Pooled Estimate
354,Des277,Superiority,4,1-Sided,0.05,0.0482758788311169,0.990716804289493,1,Equal,LD (OF),LD (OF) (NB),59,41.2918794809761,36.6748609876519,0.3,0.79,Pooled Estimate
355,Des278,Superiority,4,1-Sided,0.05,0.048019746763231,0.990957476042755,1,Equal,LD (OF),LD (OF) (NB),43,29.6314870917836,27.0907054693134,0.5,0.99,Pooled Estimate
356,Des279,Superiority,4,1-Sided,0.1,0.0969207208889244,0.991083332111183,1,Equal,LD (OF),LD (OF) (NB),44,32.2413267015141,25.7433506470211,0.1,0.59,Pooled Estimate
357,Des280,Superiority,4,1-Sided,0.1,0.0969628700075836,0.990852222667559,1,Equal,LD (OF),LD (OF) (NB),49,35.9498197931585,28.7145993524329,0.3,0.79,Pooled Estimate
358,Des281,Superiority,4,1-Sided,0.1,0.0965426824927039,0.990357749817993,1,Equal,LD (OF),LD (OF) (NB),35,25.2011952974873,20.7817745671479,0.5,0.99,Pooled Estimate
359,Des282,Superiority,4,1-Sided,0.245,0.229384659742051,0.906631085990791,1,Equal,LD (OF),LD (OF) (NB),17,11.4748207080192,10.5270014277239,0.3,0.79,Pooled Estimate
360,Des283,Superiority,4,1-Sided,0.245,0.239803056047826,0.990964294141278,1,Equal,LD (OF),LD (OF) (NB),31,23.1744267112285,15.5245144491662,0.1,0.59,Pooled Estimate
361,Des284,Superiority,4,1-Sided,0.245,0.23940709427695,0.989880224459173,1,Equal,LD (OF),LD (OF) (NB),34,25.511245802615,16.8836601900715,0.3,0.79,Pooled Estimate
362,Des285,Superiority,4,1-Sided,0.245,0.238738796321229,0.991059897635136,1,Equal,LD (OF),LD (OF) (NB),25,18.5443252203733,12.9679222011902,0.5,0.99,Pooled Estimate